Part_ID,Value,LCSC,LCSC_Type,MPN,Manufacturer,Series,Package,Tolerance,Power,Voltage,Dielectric,Current,Isat,DCR,TempCo,Value_Series,Standard,Use_Case,Symbol,Footprint,Datasheet,LCSC_URL,Description,Keywords,Stock,Unit_Price_USD
L 220nH XAL1010 20% Coilcraft,220nH,C3911793,Extended,XAL1010-221MED,Coilcraft,Coilcraft XAL,XAL1010,20%,,,,41A,98.8A,0.5mΩ,,E24,Pre-Flight,Power,Device:L,Inductor_SMD:L_Coilcraft_XAL1010-XXX,https://wmsc.lcsc.com/wmsc/upload/file/pdf/v2/lcsc/2404081011_Coilcraft-XAL1010-221MED_C3911793.pdf,https://www.lcsc.com/product-detail/power-inductors_coilcraft-xal1010-221med_C3911793.html,"Inductor 220nH 20% 41A XAL1010 XAL Family Molded Power Inductors, Coilcraft XAL1010-221MED (Pre-Flight, LCSC Extended)",inductor 220nH XAL1010 coilcraft coilcraft xal pre-flight power,2,5.2071
L 450nH XAL1010 20% Coilcraft,450nH,C3911414,Extended,XAL1010-451MED,Coilcraft,Coilcraft XAL,XAL1010,20%,,,,53A,70.5A,0.72mΩ,,OTHER,Pre-Flight,Power,Device:L,Inductor_SMD:L_Coilcraft_XAL1010-XXX,https://www.coilcraft.com/en-us/products/power/shielded-inductors/molded-inductor/xal/,https://www.lcsc.com/product-detail/C3911414.html,"Inductor 450nH 20% 53A XAL1010 XAL Family Molded Power Inductors, Coilcraft XAL1010-451MED (Pre-Flight, LCSC Extended)",inductor 450nH XAL1010 coilcraft coilcraft xal pre-flight power,10,9.9229
L 680nH XAL1010 20% Coilcraft,680nH,C3911561,Extended,XAL1010-681MED,Coilcraft,Coilcraft XAL,XAL1010,20%,,,,48A,62A,0.96mΩ,,E24,Pre-Flight,Power,Device:L,Inductor_SMD:L_Coilcraft_XAL1010-XXX,https://wmsc.lcsc.com/wmsc/upload/file/pdf/v2/lcsc/2404081009_Coilcraft-XAL1010-681MED_C3911561.pdf,https://www.lcsc.com/product-detail/power-inductors_coilcraft-xal1010-681med_C3911561.html,"Inductor 680nH 20% 48A XAL1010 XAL Family Molded Power Inductors, Coilcraft XAL1010-681MED (Pre-Flight, LCSC Extended)",inductor 680nH XAL1010 coilcraft coilcraft xal pre-flight power,30,4.3889
L 1uH XAL1010 20% Coilcraft,1uH,C3911537,Extended,XAL1010-102MED,Coilcraft,Coilcraft XAL,XAL1010,20%,,,,32A,55A,1.1mΩ,,E24,Pre-Flight,Power,Device:L,Inductor_SMD:L_Coilcraft_XAL1010-XXX,https://wmsc.lcsc.com/wmsc/upload/file/pdf/v2/lcsc/2404081009_Coilcraft-XAL1010-102MED_C3911537.pdf,https://www.lcsc.com/product-detail/power-inductors_coilcraft-xal1010-102med_C3911537.html,"Inductor 1uH 20% 32A XAL1010 XAL Family Molded Power Inductors, Coilcraft XAL1010-102MED (Pre-Flight, LCSC Extended)",inductor 1uH XAL1010 coilcraft coilcraft xal pre-flight power,112,17.3292
L 1.5uH XAL1010 20% Coilcraft,1.5uH,C6753479,Extended,XAL1010-152MED,Coilcraft,Coilcraft XAL,XAL1010,20%,,,,40.5A,36.6A,1.76mΩ,,E24,Pre-Flight,Power,Device:L,Inductor_SMD:L_Coilcraft_XAL1010-XXX,https://wmsc.lcsc.com/wmsc/upload/file/pdf/v2/lcsc/2312271103_Coilcraft-XAL1010-152MED_C6753479.pdf,https://www.lcsc.com/product-detail/power-inductors_coilcraft-xal1010-152med_C6753479.html,"Inductor 1.5uH 20% 40.5A XAL1010 XAL Family Molded Power Inductors, Coilcraft XAL1010-152MED (Pre-Flight, LCSC Extended)",inductor 1.5uH XAL1010 coilcraft coilcraft xal pre-flight power,168,4.1823
L 2.2uH XAL1010 20% Coilcraft,2.2uH,C5125746,Extended,XAL1010-222MED,Coilcraft,Coilcraft XAL,XAL1010,20%,,,,24.5A,34A,2.8mΩ,,E24,Pre-Flight,Power,Device:L,Inductor_SMD:L_Coilcraft_XAL1010-XXX,https://wmsc.lcsc.com/wmsc/upload/file/pdf/v2/lcsc/2404151051_Coilcraft-XAL1010-222MED_C5125746.pdf,https://www.lcsc.com/product-detail/power-inductors_coilcraft-xal1010-222med_C5125746.html,"Inductor 2.2uH 20% 24.5A XAL1010 XAL Family Molded Power Inductors, Coilcraft XAL1010-222MED (Pre-Flight, LCSC Extended)",inductor 2.2uH XAL1010 coilcraft coilcraft xal pre-flight power,207,8.6882
L 3.3uH XAL1010 20% Coilcraft,3.3uH,C3911672,Extended,XAL1010-332MED,Coilcraft,Coilcraft XAL,XAL1010,20%,,,,18.2A,27.4A,4.1mΩ,,E24,Pre-Flight,Power,Device:L,Inductor_SMD:L_Coilcraft_XAL1010-XXX,https://www.coilcraft.com/en-us/products/power/shielded-inductors/molded-inductor/xal/,https://www.lcsc.com/product-detail/power-inductors_coilcraft-xal1010-332med_C3911672.html,"Inductor 3.3uH 20% 18.2A XAL1010 XAL Family Molded Power Inductors, Coilcraft XAL1010-332MED (Pre-Flight, LCSC Extended)",inductor 3.3uH XAL1010 coilcraft coilcraft xal pre-flight power,302,7.8749
L 4.7uH XAL1010 20% Coilcraft,4.7uH,C19271849,Extended,XAL1010-472MED,Coilcraft,Coilcraft XAL,XAL1010,20%,,,,24A,25.4A,5.2mΩ,,E24,Pre-Flight,Power,Device:L,Inductor_SMD:L_Coilcraft_XAL1010-XXX,https://wmsc.lcsc.com/wmsc/upload/file/pdf/v2/lcsc/2312221743_Coilcraft-XAL1010-472MED_C19271849.pdf,https://www.lcsc.com/product-detail/power-inductors_coilcraft-xal1010-472med_C19271849.html,"Inductor 4.7uH 20% 24A XAL1010 XAL Family Molded Power Inductors, Coilcraft XAL1010-472MED (Pre-Flight, LCSC Extended)",inductor 4.7uH XAL1010 coilcraft coilcraft xal pre-flight power,225,13.0299
L 5.6uH XAL1010 20% Coilcraft,5.6uH,C3911493,Extended,XAL1010-562MED,Coilcraft,Coilcraft XAL,XAL1010,20%,,,,15.7A,23.6A,6.93mΩ,,E24,Pre-Flight,Power,Device:L,Inductor_SMD:L_Coilcraft_XAL1010-XXX,https://wmsc.lcsc.com/wmsc/upload/file/pdf/v2/lcsc/2404081009_Coilcraft-XAL1010-562MED_C3911493.pdf,https://www.lcsc.com/product-detail/power-inductors_coilcraft-xal1010-562med_C3911493.html,"Inductor 5.6uH 20% 15.7A XAL1010 XAL Family Molded Power Inductors, Coilcraft XAL1010-562MED (Pre-Flight, LCSC Extended)",inductor 5.6uH XAL1010 coilcraft coilcraft xal pre-flight power,50,14.2971
L 6.8uH XAL1010 20% Coilcraft,6.8uH,C3911637,Extended,XAL1010-682MED,Coilcraft,Coilcraft XAL,XAL1010,20%,,,,14A,21.8A,8.9mΩ,,E24,Pre-Flight,Power,Device:L,Inductor_SMD:L_Coilcraft_XAL1010-XXX,https://wmsc.lcsc.com/wmsc/upload/file/pdf/v2/lcsc/2404081010_Coilcraft-XAL1010-682MED_C3911637.pdf,https://www.lcsc.com/product-detail/power-inductors_coilcraft-xal1010-682med_C3911637.html,"Inductor 6.8uH 20% 14A XAL1010 XAL Family Molded Power Inductors, Coilcraft XAL1010-682MED (Pre-Flight, LCSC Extended)",inductor 6.8uH XAL1010 coilcraft coilcraft xal pre-flight power,34,19.9433
L 8.2uH XAL1010 20% Coilcraft,8.2uH,C3911590,Extended,XAL1010-822MED,Coilcraft,Coilcraft XAL,XAL1010,20%,,,,12.9A,18.3A,12.9mΩ,,E24,Pre-Flight,Power,Device:L,Inductor_SMD:L_Coilcraft_XAL1010-XXX,https://wmsc.lcsc.com/wmsc/upload/file/pdf/v2/lcsc/2404081009_Coilcraft-XAL1010-822MED_C3911590.pdf,https://www.lcsc.com/product-detail/power-inductors_coilcraft-xal1010-822med_C3911590.html,"Inductor 8.2uH 20% 12.9A XAL1010 XAL Family Molded Power Inductors, Coilcraft XAL1010-822MED (Pre-Flight, LCSC Extended)",inductor 8.2uH XAL1010 coilcraft coilcraft xal pre-flight power,112,8.7338
L 10uH XAL1010 20% Coilcraft,10uH,C6358489,Extended,XAL1010-103MED,Coilcraft,Coilcraft XAL,XAL1010,20%,,,,15.5A,17.5A,14.75mΩ,,E24,Pre-Flight,Power,Device:L,Inductor_SMD:L_Coilcraft_XAL1010-XXX,https://wmsc.lcsc.com/wmsc/upload/file/pdf/v2/lcsc/2312102008_Coilcraft-XAL1010-103MED_C6358489.pdf,https://www.lcsc.com/product-detail/power-inductors_coilcraft-xal1010-103med_C6358489.html,"Inductor 10uH 20% 15.5A XAL1010 XAL Family Molded Power Inductors, Coilcraft XAL1010-103MED (Pre-Flight, LCSC Extended)",inductor 10uH XAL1010 coilcraft coilcraft xal pre-flight power,1193,8.7972
L 15uH XAL1010 20% Coilcraft,15uH,C2802562,Extended,XAL1010-153MED,Coilcraft,Coilcraft XAL,XAL1010,20%,,,,9.9A,15.5A,18.6mΩ,,E24,Pre-Flight,Power,Device:L,Inductor_SMD:L_Coilcraft_XAL1010-XXX,https://www.coilcraft.com/getmedia/dd74e670-e705-456a-9a69-585fe02eaf3c/xal1010.pdf,https://www.lcsc.com/product-detail/power-inductors_coilcraft-xal1010-153med_C2802562.html,"Inductor 15uH 20% 9.9A XAL1010 XAL Family Molded Power Inductors, Coilcraft XAL1010-153MED (Pre-Flight, LCSC Extended)",inductor 15uH XAL1010 coilcraft coilcraft xal pre-flight power,1498,7.0436
L 4.7uH XAL1060 20% Coilcraft,4.7uH,C3911818,Extended,XAL1060-472MEC,Coilcraft,Coilcraft XAL,XAL1060,20%,,,,8.5A,25A,10.72mΩ,,E24,Pre-Flight,Power,Device:L,Inductor_SMD:L_Coilcraft_XAL1060-XXX,https://wmsc.lcsc.com/wmsc/upload/file/pdf/v2/lcsc/2404081011_Coilcraft-XAL1060-472MEC_C3911818.pdf,https://www.lcsc.com/product-detail/power-inductors_coilcraft-xal1060-472mec_C3911818.html,"Inductor 4.7uH 20% 8.5A XAL1060 XAL Family Molded Power Inductors, Coilcraft XAL1060-472MEC (Pre-Flight, LCSC Extended)",inductor 4.7uH XAL1060 coilcraft coilcraft xal pre-flight power,3,8.5028
L 4.7uH XAL1510 20% Coilcraft,4.7uH,C3911452,Extended,XAL1510-472MED,Coilcraft,Coilcraft XAL,XAL1510,20%,,,,29A,39A,3.8mΩ,,E24,Pre-Flight,Power,Device:L,Inductor_SMD:L_Coilcraft_XAL1510-472,https://wmsc.lcsc.com/wmsc/upload/file/pdf/v2/lcsc/2404081008_Coilcraft-XAL1510-472MED_C3911452.pdf,https://www.lcsc.com/product-detail/power-inductors_coilcraft-xal1510-472med_C3911452.html,"Inductor 4.7uH 20% 29A XAL1510 XAL Family Molded Power Inductors, Coilcraft XAL1510-472MED (Pre-Flight, LCSC Extended)",inductor 4.7uH XAL1510 coilcraft coilcraft xal pre-flight power,171,9.8025
L 6.8uH XAL1510 20% Coilcraft,6.8uH,C3911560,Extended,XAL1510-682MED,Coilcraft,Coilcraft XAL,XAL1510,20%,,,,26A,36A,4.6mΩ,,E24,Pre-Flight,Power,Device:L,Inductor_SMD:L_Coilcraft_XAL1510-682,https://wmsc.lcsc.com/wmsc/upload/file/pdf/v2/lcsc/2404081009_Coilcraft-XAL1510-682MED_C3911560.pdf,https://www.lcsc.com/product-detail/power-inductors_coilcraft-xal1510-682med_C3911560.html,"Inductor 6.8uH 20% 26A XAL1510 XAL Family Molded Power Inductors, Coilcraft XAL1510-682MED (Pre-Flight, LCSC Extended)",inductor 6.8uH XAL1510 coilcraft coilcraft xal pre-flight power,195,13.3487
L 10uH XAL1510 20% Coilcraft,10uH,C3911782,Extended,XAL1510-103MED,Coilcraft,Coilcraft XAL,XAL1510,20%,,,,22A,26.3A,9mΩ,,E24,Pre-Flight,Power,Device:L,Inductor_SMD:L_Coilcraft_XAL1510-103,https://www.coilcraft.com/en-us/products/power/shielded-inductors/molded-inductor/xal/,https://www.lcsc.com/product-detail/power-inductors_coilcraft-xal1510-103med_C3911782.html,"Inductor 10uH 20% 22A XAL1510 XAL Family Molded Power Inductors, Coilcraft XAL1510-103MED (Pre-Flight, LCSC Extended)",inductor 10uH XAL1510 coilcraft coilcraft xal pre-flight power,145,12.0539
L 15uH XAL1510 20% Coilcraft,15uH,C3911455,Extended,XAL1510-153MED,Coilcraft,Coilcraft XAL,XAL1510,20%,,,,18A,23A,12.4mΩ,,E24,Pre-Flight,Power,Device:L,Inductor_SMD:L_Coilcraft_XAL1510-153,https://wmsc.lcsc.com/wmsc/upload/file/pdf/v2/lcsc/2404081008_Coilcraft-XAL1510-153MED_C3911455.pdf,https://www.lcsc.com/product-detail/power-inductors_coilcraft-xal1510-153med_C3911455.html,"Inductor 15uH 20% 18A XAL1510 XAL Family Molded Power Inductors, Coilcraft XAL1510-153MED (Pre-Flight, LCSC Extended)",inductor 15uH XAL1510 coilcraft coilcraft xal pre-flight power,230,11.966
L 22uH XAL1510 20% Coilcraft,22uH,C3911658,Extended,XAL1510-223MED,Coilcraft,Coilcraft XAL,XAL1510,20%,,,,14A,18.7A,16mΩ,,E24,Pre-Flight,Power,Device:L,Inductor_SMD:L_Coilcraft_XAL1510-223,https://wmsc.lcsc.com/wmsc/upload/file/pdf/v2/lcsc/2404081010_Coilcraft-XAL1510-223MED_C3911658.pdf,https://www.lcsc.com/product-detail/power-inductors_coilcraft-xal1510-223med_C3911658.html,"Inductor 22uH 20% 14A XAL1510 XAL Family Molded Power Inductors, Coilcraft XAL1510-223MED (Pre-Flight, LCSC Extended)",inductor 22uH XAL1510 coilcraft coilcraft xal pre-flight power,2,8.3092
L 33uH XAL1510 20% Coilcraft,33uH,C3911775,Extended,XAL1510-333MED,Coilcraft,Coilcraft XAL,XAL1510,20%,,,,12A,16.7A,20mΩ,,E24,Pre-Flight,Power,Device:L,Inductor_SMD:L_Coilcraft_XAL1510-333,https://wmsc.lcsc.com/wmsc/upload/file/pdf/v2/lcsc/2404081011_Coilcraft-XAL1510-333MED_C3911775.pdf,https://www.lcsc.com/product-detail/power-inductors_coilcraft-xal1510-333med_C3911775.html,"Inductor 33uH 20% 12A XAL1510 XAL Family Molded Power Inductors, Coilcraft XAL1510-333MED (Pre-Flight, LCSC Extended)",inductor 33uH XAL1510 coilcraft coilcraft xal pre-flight power,162,8.5288
L 1.8uH XAL1580 20% Coilcraft,1.8uH,C3911799,Extended,XAL1580-182MED,Coilcraft,Coilcraft XAL,XAL1580,20%,,,,33.2A,57A,1.93mΩ,,E24,Pre-Flight,Power,Device:L,Inductor_SMD:L_Coilcraft_XAL1580-182,https://wmsc.lcsc.com/wmsc/upload/file/pdf/v2/lcsc/2404081011_Coilcraft-XAL1580-182MED_C3911799.pdf,https://www.lcsc.com/product-detail/power-inductors_coilcraft-xal1580-182med_C3911799.html,"Inductor 1.8uH 20% 33.2A XAL1580 XAL Family Molded Power Inductors, Coilcraft XAL1580-182MED (Pre-Flight, LCSC Extended)",inductor 1.8uH XAL1580 coilcraft coilcraft xal pre-flight power,4,11.9611
L 2uH XAL1580 20% Coilcraft,2uH,C3911594,Extended,XAL1580-202MED,Coilcraft,Coilcraft XAL,XAL1580,20%,,,,29.5A,51A,2.29mΩ,,E24,Pre-Flight,Power,Device:L,Inductor_SMD:L_Coilcraft_XAL1580-202,https://wmsc.lcsc.com/wmsc/upload/file/pdf/v2/lcsc/2404081009_Coilcraft-XAL1580-202MED_C3911594.pdf,https://www.lcsc.com/product-detail/power-inductors_coilcraft-xal1580-202med_C3911594.html,"Inductor 2uH 20% 29.5A XAL1580 XAL Family Molded Power Inductors, Coilcraft XAL1580-202MED (Pre-Flight, LCSC Extended)",inductor 2uH XAL1580 coilcraft coilcraft xal pre-flight power,3,8.5776
L 3uH XAL1580 20% Coilcraft,3uH,C3911783,Extended,XAL1580-302MED,Coilcraft,Coilcraft XAL,XAL1580,20%,,,,25.6A,43A,3.1mΩ,,E24,Pre-Flight,Power,Device:L,Inductor_SMD:L_Coilcraft_XAL1580-302,https://wmsc.lcsc.com/wmsc/upload/file/pdf/v2/lcsc/2404081011_Coilcraft-XAL1580-302MED_C3911783.pdf,https://www.lcsc.com/product-detail/power-inductors_coilcraft-xal1580-302med_C3911783.html,"Inductor 3uH 20% 25.6A XAL1580 XAL Family Molded Power Inductors, Coilcraft XAL1580-302MED (Pre-Flight, LCSC Extended)",inductor 3uH XAL1580 coilcraft coilcraft xal pre-flight power,8,11.0046
L 4.5uH XAL1580 20% Coilcraft,4.5uH,C6002549,Extended,XAL1580-452MED,Coilcraft,Coilcraft XAL,XAL1580,20%,,,,20.4A,34.2A,4.58mΩ,,OTHER,Pre-Flight,Power,Device:L,Inductor_SMD:L_Coilcraft_XAL1580-452,https://wmsc.lcsc.com/wmsc/upload/file/pdf/v2/lcsc/2312061950_Coilcraft-XAL1580-452MED_C6002549.pdf,https://www.lcsc.com/product-detail/power-inductors_coilcraft-xal1580-452med_C6002549.html,"Inductor 4.5uH 20% 20.4A XAL1580 XAL Family Molded Power Inductors, Coilcraft XAL1580-452MED (Pre-Flight, LCSC Extended)",inductor 4.5uH XAL1580 coilcraft coilcraft xal pre-flight power,85,11.6618
L 6.1uH XAL1580 20% Coilcraft,6.1uH,C6358496,Extended,XAL1580-612MED,Coilcraft,Coilcraft XAL,XAL1580,20%,,,,16.9A,31A,6.79mΩ,,OTHER,Pre-Flight,Power,Device:L,Inductor_SMD:L_Coilcraft_XAL1580-612,https://www.coilcraft.com/en-us/products/power/shielded-inductors/molded-inductor/xal/,https://www.lcsc.com/product-detail/C6358496.html,"Inductor 6.1uH 20% 16.9A XAL1580 XAL Family Molded Power Inductors, Coilcraft XAL1580-612MED (Pre-Flight, LCSC Extended)",inductor 6.1uH XAL1580 coilcraft coilcraft xal pre-flight power,10,9.7309
L 220nH XAL4020 20% Coilcraft,220nH,C19191670,Extended,XAL4020-221MEC,Coilcraft,Coilcraft XAL,XAL4020,20%,,,,16.8A,18.7A,5.81mΩ,,E24,Pre-Flight,Power,Device:L,Inductor_SMD:L_Coilcraft_XAL4020-XXX,https://www.coilcraft.com/en-us/products/power/shielded-inductors/molded-inductor/xal/,https://www.lcsc.com/product-detail/power-inductors_coilcraft-xal4020-221mec_C19191670.html,"Inductor 220nH 20% 16.8A XAL4020 XAL Family Molded Power Inductors, Coilcraft XAL4020-221MEC (Pre-Flight, LCSC Extended)",inductor 220nH XAL4020 coilcraft coilcraft xal pre-flight power,159,3.4389
L 400nH XAL4020 20% Coilcraft,400nH,C19191669,Extended,XAL4020-401MEC,Coilcraft,Coilcraft XAL,XAL4020,20%,,,,14A,12.5A,7.55mΩ,,OTHER,Pre-Flight,Power,Device:L,Inductor_SMD:L_Coilcraft_XAL4020-XXX,https://wmsc.lcsc.com/wmsc/upload/file/pdf/v2/lcsc/2403231630_Coilcraft-XAL4020-401MEC_C19191669.pdf,https://www.lcsc.com/product-detail/power-inductors_coilcraft-xal4020-401mec_C19191669.html,"Inductor 400nH 20% 14A XAL4020 XAL Family Molded Power Inductors, Coilcraft XAL4020-401MEC (Pre-Flight, LCSC Extended)",inductor 400nH XAL4020 coilcraft coilcraft xal pre-flight power,6,0.9208
L 600nH XAL4020 20% Coilcraft,600nH,C19191695,Extended,XAL4020-601MEC,Coilcraft,Coilcraft XAL,XAL4020,20%,,,,11.7A,10.4A,9.5mΩ,,OTHER,Pre-Flight,Power,Device:L,Inductor_SMD:L_Coilcraft_XAL4020-XXX,https://www.coilcraft.com/en-us/products/power/shielded-inductors/molded-inductor/xal/,https://www.lcsc.com/product-detail/power-inductors_coilcraft-xal4020-601mec_C19191695.html,"Inductor 600nH 20% 11.7A XAL4020 XAL Family Molded Power Inductors, Coilcraft XAL4020-601MEC (Pre-Flight, LCSC Extended)",inductor 600nH XAL4020 coilcraft coilcraft xal pre-flight power,27,6.0026
L 1uH XAL4020 20% Coilcraft,1uH,C4555951,Extended,XAL4020-102MEC,Coilcraft,Coilcraft XAL,XAL4020,20%,,,,9.6A,8.7A,13.25mΩ,,E24,Pre-Flight,Power,Device:L,Inductor_SMD:L_Coilcraft_XAL4020-XXX,https://wmsc.lcsc.com/wmsc/upload/file/pdf/v2/lcsc/2401081439_Coilcraft-XAL4020-102MEC_C4555951.pdf,https://www.lcsc.com/product-detail/power-inductors_coilcraft-xal4020-102mec_C4555951.html,"Inductor 1uH 20% 9.6A XAL4020 XAL Family Molded Power Inductors, Coilcraft XAL4020-102MEC (Pre-Flight, LCSC Extended)",inductor 1uH XAL4020 coilcraft coilcraft xal pre-flight power,57,5.2608
L 1.2uH XAL4020 20% Coilcraft,1.2uH,C19191653,Extended,XAL4020-122MEC,Coilcraft,Coilcraft XAL,XAL4020,20%,,,,9A,7.9A,17.75mΩ,,E24,Pre-Flight,Power,Device:L,Inductor_SMD:L_Coilcraft_XAL4020-XXX,https://www.coilcraft.com/en-us/products/power/shielded-inductors/molded-inductor/xal/,https://www.lcsc.com/product-detail/power-inductors_coilcraft-xal4020-122mec_C19191653.html,"Inductor 1.2uH 20% 9A XAL4020 XAL Family Molded Power Inductors, Coilcraft XAL4020-122MEC (Pre-Flight, LCSC Extended)",inductor 1.2uH XAL4020 coilcraft coilcraft xal pre-flight power,25,3.8683
L 1.5uH XAL4020 20% Coilcraft,1.5uH,C18547833,Extended,XAL4020-152MEC,Coilcraft,Coilcraft XAL,XAL4020,20%,,,,7.5A,7.1A,21.45mΩ,,E24,Pre-Flight,Power,Device:L,Inductor_SMD:L_Coilcraft_XAL4020-XXX,https://wmsc.lcsc.com/wmsc/upload/file/pdf/v2/lcsc/2401191735_Coilcraft-XAL4020-152MEC_C18547833.pdf,https://www.lcsc.com/product-detail/power-inductors_coilcraft-xal4020-152mec_C18547833.html,"Inductor 1.5uH 20% 7.5A XAL4020 XAL Family Molded Power Inductors, Coilcraft XAL4020-152MEC (Pre-Flight, LCSC Extended)",inductor 1.5uH XAL4020 coilcraft coilcraft xal pre-flight power,254,13.3455
L 2.2uH XAL4020 20% Coilcraft,2.2uH,C3151182,Extended,XAL4020-222MEC,Coilcraft,Coilcraft XAL,XAL4020,20%,,,,5.5A,5.6A,35.2mΩ,,E24,Pre-Flight,Power,Device:L,Inductor_SMD:L_Coilcraft_XAL4020-XXX,https://wmsc.lcsc.com/wmsc/upload/file/pdf/v2/lcsc/2311161803_Coilcraft-XAL4020-222MEC_C3151182.pdf,https://www.lcsc.com/product-detail/power-inductors_coilcraft-xal4020-222mec_C3151182.html,"Inductor 2.2uH 20% 5.5A XAL4020 XAL Family Molded Power Inductors, Coilcraft XAL4020-222MEC (Pre-Flight, LCSC Extended)",inductor 2.2uH XAL4020 coilcraft coilcraft xal pre-flight power,88,10.7558
L 3.3uH XAL4030 20% Coilcraft,3.3uH,C2937437,Extended,XAL4030-332MEC,Coilcraft,Coilcraft XAL,XAL4030,20%,,,,6.6A,5.9A,26mΩ,,E24,Pre-Flight,Power,Device:L,Inductor_SMD:L_Coilcraft_XAL4030-XXX,https://wmsc.lcsc.com/wmsc/upload/file/pdf/v2/lcsc/2311161803_Coilcraft-XAL4030-332MEC_C2937437.pdf,https://www.lcsc.com/product-detail/power-inductors_coilcraft-xal4030-332mec_C2937437.html,"Inductor 3.3uH 20% 6.6A XAL4030 XAL Family Molded Power Inductors, Coilcraft XAL4030-332MEC (Pre-Flight, LCSC Extended)",inductor 3.3uH XAL4030 coilcraft coilcraft xal pre-flight power,1800,9.9148
L 4.7uH XAL4030 20% Coilcraft,4.7uH,C19191688,Extended,XAL4030-472MEC,Coilcraft,Coilcraft XAL,XAL4030,20%,,,,5.1A,4.6A,40.1mΩ,,E24,Pre-Flight,Power,Device:L,Inductor_SMD:L_Coilcraft_XAL4030-XXX,https://wmsc.lcsc.com/wmsc/upload/file/pdf/v2/lcsc/2403231630_Coilcraft-XAL4030-472MEC_C19191688.pdf,https://www.lcsc.com/product-detail/power-inductors_coilcraft-xal4030-472mec_C19191688.html,"Inductor 4.7uH 20% 5.1A XAL4030 XAL Family Molded Power Inductors, Coilcraft XAL4030-472MEC (Pre-Flight, LCSC Extended)",inductor 4.7uH XAL4030 coilcraft coilcraft xal pre-flight power,1,11.7936
L 6.8uH XAL4030 20% Coilcraft,6.8uH,C3040663,Extended,XAL4030-682MEC,Coilcraft,Coilcraft XAL,XAL4030,20%,,,,3.9A,3.6A,74.1mΩ,,E24,Pre-Flight,Power,Device:L,Inductor_SMD:L_Coilcraft_XAL4030-XXX,https://wmsc.lcsc.com/wmsc/upload/file/pdf/v2/lcsc/2304140030_Coilcraft-XAL4030-682MEC_C3040663.pdf,https://www.lcsc.com/product-detail/inductors-smd_coilcraft-xal4030-682mec_C3040663.html,"Inductor 6.8uH 20% 3.9A XAL4030 XAL Family Molded Power Inductors, Coilcraft XAL4030-682MEC (Pre-Flight, LCSC Extended)",inductor 6.8uH XAL4030 coilcraft coilcraft xal pre-flight power,2675,8.8753
L 8.2uH XAL4040 20% Coilcraft,8.2uH,C19191624,Extended,XAL4040-822MEC,Coilcraft,Coilcraft XAL,XAL4040,20%,,,,3.4A,4A,60.8mΩ,,E24,Pre-Flight,Power,Device:L,Inductor_SMD:L_Coilcraft_XAL4040-XXX,https://www.coilcraft.com/en-us/products/power/shielded-inductors/molded-inductor/xal/,https://www.lcsc.com/product-detail/power-inductors_coilcraft-xal4040-822mec_C19191624.html,"Inductor 8.2uH 20% 3.4A XAL4040 XAL Family Molded Power Inductors, Coilcraft XAL4040-822MEC (Pre-Flight, LCSC Extended)",inductor 8.2uH XAL4040 coilcraft coilcraft xal pre-flight power,1773,2.2888
L 10uH XAL4040 20% Coilcraft,10uH,C5144883,Extended,XAL4040-103MEC,Coilcraft,Coilcraft XAL,XAL4040,20%,,,,3.1A,3A,84mΩ,,E24,Pre-Flight,Power,Device:L,Inductor_SMD:L_Coilcraft_XAL4040-XXX,https://wmsc.lcsc.com/wmsc/upload/file/pdf/v2/lcsc/2311161803_Coilcraft-XAL4040-103MEC_C5144883.pdf,https://www.lcsc.com/product-detail/power-inductors_coilcraft-xal4040-103mec_C5144883.html,"Inductor 10uH 20% 3.1A XAL4040 XAL Family Molded Power Inductors, Coilcraft XAL4040-103MEC (Pre-Flight, LCSC Extended)",inductor 10uH XAL4040 coilcraft coilcraft xal pre-flight power,2641,7.0339
L 15uH XAL4040 20% Coilcraft,15uH,C5144882,Extended,XAL4040-153MEC,Coilcraft,Coilcraft XAL,XAL4040,20%,,,,2.8A,2.9A,109mΩ,,E24,Pre-Flight,Power,Device:L,Inductor_SMD:L_Coilcraft_XAL4040-XXX,https://wmsc.lcsc.com/wmsc/upload/file/pdf/v2/lcsc/2311161803_Coilcraft-XAL4040-153MEC_C5144882.pdf,https://www.lcsc.com/product-detail/power-inductors_coilcraft-xal4040-153mec_C5144882.html,"Inductor 15uH 20% 2.8A XAL4040 XAL Family Molded Power Inductors, Coilcraft XAL4040-153MEC (Pre-Flight, LCSC Extended)",inductor 15uH XAL4040 coilcraft coilcraft xal pre-flight power,540,4.0131
L 330nH XAL5020 20% Coilcraft,330nH,C20417034,Extended,XAL5020-331MEC,Coilcraft,Coilcraft XAL,XAL5020,20%,,,,14.4A,17.1A,6.4mΩ,,E24,Pre-Flight,Power,Device:L,Inductor_SMD:L_Coilcraft_XAL5020-XXX,https://wmsc.lcsc.com/wmsc/upload/file/pdf/v2/lcsc/2401121834_Coilcraft-XAL5020-331MEC_C20417034.pdf,https://www.lcsc.com/product-detail/power-inductors_coilcraft-xal5020-331mec_C20417034.html,"Inductor 330nH 20% 14.4A XAL5020 XAL Family Molded Power Inductors, Coilcraft XAL5020-331MEC (Pre-Flight, LCSC Extended)",inductor 330nH XAL5020 coilcraft coilcraft xal pre-flight power,22,1.425
L 560nH XAL5020 20% Coilcraft,560nH,C20623488,Extended,XAL5020-561MEC,Coilcraft,Coilcraft XAL,XAL5020,20%,,,,13.9A,14.1A,8.3mΩ,,E24,Pre-Flight,Power,Device:L,Inductor_SMD:L_Coilcraft_XAL5020-XXX,https://wmsc.lcsc.com/wmsc/upload/file/pdf/v2/lcsc/2402231752_Coilcraft-XAL5020-561MEC_C20623488.pdf,https://www.lcsc.com/product-detail/power-inductors_coilcraft-xal5020-561mec_C20623488.html,"Inductor 560nH 20% 13.9A XAL5020 XAL Family Molded Power Inductors, Coilcraft XAL5020-561MEC (Pre-Flight, LCSC Extended)",inductor 560nH XAL5020 coilcraft coilcraft xal pre-flight power,3,1.8317
L 800nH XAL5020 20% Coilcraft,800nH,C20623505,Extended,XAL5020-801MEC,Coilcraft,Coilcraft XAL,XAL5020,20%,,,,13A,12A,10.3mΩ,,OTHER,Pre-Flight,Power,Device:L,Inductor_SMD:L_Coilcraft_XAL5020-XXX,https://wmsc.lcsc.com/wmsc/upload/file/pdf/v2/lcsc/2402231753_Coilcraft-XAL5020-801MEC_C20623505.pdf,https://www.lcsc.com/product-detail/power-inductors_coilcraft-xal5020-801mec_C20623505.html,"Inductor 800nH 20% 13A XAL5020 XAL Family Molded Power Inductors, Coilcraft XAL5020-801MEC (Pre-Flight, LCSC Extended)",inductor 800nH XAL5020 coilcraft coilcraft xal pre-flight power,8,1.6284
L 330nH XAL5030 20% Coilcraft,330nH,C19191630,Extended,XAL5030-331MEC,Coilcraft,Coilcraft XAL,XAL5030,20%,,,,19.2A,26A,3.2mΩ,,E24,Pre-Flight,Power,Device:L,Inductor_SMD:L_Coilcraft_XAL5030-XXX,https://www.coilcraft.com/en-us/products/power/shielded-inductors/molded-inductor/xal/,https://www.lcsc.com/product-detail/power-inductors_coilcraft-xal5030-331mec_C19191630.html,"Inductor 330nH 20% 19.2A XAL5030 XAL Family Molded Power Inductors, Coilcraft XAL5030-331MEC (Pre-Flight, LCSC Extended)",inductor 330nH XAL5030 coilcraft coilcraft xal pre-flight power,95,2.2693
L 600nH XAL5030 20% Coilcraft,600nH,C19191623,Extended,XAL5030-601MEC,Coilcraft,Coilcraft XAL,XAL5030,20%,,,,17.7A,19.8A,4.11mΩ,,OTHER,Pre-Flight,Power,Device:L,Inductor_SMD:L_Coilcraft_XAL5030-XXX,https://www.coilcraft.com/en-us/products/power/shielded-inductors/molded-inductor/xal/,https://www.lcsc.com/product-detail/power-inductors_coilcraft-xal5030-601mec_C19191623.html,"Inductor 600nH 20% 17.7A XAL5030 XAL Family Molded Power Inductors, Coilcraft XAL5030-601MEC (Pre-Flight, LCSC Extended)",inductor 600nH XAL5030 coilcraft coilcraft xal pre-flight power,345,1.5161
L 1uH XAL5030 20% Coilcraft,1uH,C5379798,Extended,XAL5030-102MEC,Coilcraft,Coilcraft XAL,XAL5030,20%,,,,11.1A,14A,8.5mΩ,,E24,Pre-Flight,Power,Device:L,Inductor_SMD:L_Coilcraft_XAL5030-XXX,https://wmsc.lcsc.com/wmsc/upload/file/pdf/v2/lcsc/2311161804_Coilcraft-XAL5030-102MEC_C5379798.pdf,https://www.lcsc.com/product-detail/power-inductors_coilcraft-xal5030-102mec_C5379798.html,"Inductor 1uH 20% 11.1A XAL5030 XAL Family Molded Power Inductors, Coilcraft XAL5030-102MEC (Pre-Flight, LCSC Extended)",inductor 1uH XAL5030 coilcraft coilcraft xal pre-flight power,361,8.0994
L 1.2uH XAL5030 20% Coilcraft,1.2uH,C7471471,Extended,XAL5030-122MEC,Coilcraft,Coilcraft XAL,XAL5030,20%,,,,10.4A,12.5A,11.4mΩ,,E24,Pre-Flight,Power,Device:L,Inductor_SMD:L_Coilcraft_XAL5030-XXX,https://wmsc.lcsc.com/wmsc/upload/file/pdf/v2/lcsc/2308071616_Coilcraft-XAL5030-122MEC_C7471471.pdf,https://www.lcsc.com/product-detail/power-inductors_coilcraft-xal5030-122mec_C7471471.html,"Inductor 1.2uH 20% 10.4A XAL5030 XAL Family Molded Power Inductors, Coilcraft XAL5030-122MEC (Pre-Flight, LCSC Extended)",inductor 1.2uH XAL5030 coilcraft coilcraft xal pre-flight power,1,3.3022
L 2.2uH XAL5030 20% Coilcraft,2.2uH,C920280,Extended,XAL5030-222MEC,Coilcraft,Coilcraft XAL,XAL5030,20%,,,,9.7A,9.2A,13.2mΩ,,E24,Pre-Flight,Power,Device:L,Inductor_SMD:L_Coilcraft_XAL5030-XXX,https://wmsc.lcsc.com/wmsc/upload/file/pdf/v2/lcsc/2311161804_Coilcraft-XAL5030-222MEC_C920280.pdf,https://www.lcsc.com/product-detail/power-inductors_coilcraft-xal5030-222mec_C920280.html,"Inductor 2.2uH 20% 9.7A XAL5030 XAL Family Molded Power Inductors, Coilcraft XAL5030-222MEC (Pre-Flight, LCSC Extended)",inductor 2.2uH XAL5030 coilcraft coilcraft xal pre-flight power,505,6.6955
L 3.3uH XAL5030 20% Coilcraft,3.3uH,C5342047,Extended,XAL5030-332MEC,Coilcraft,Coilcraft XAL,XAL5030,20%,,,,8.1A,8.7A,21.2mΩ,,E24,Pre-Flight,Power,Device:L,Inductor_SMD:L_Coilcraft_XAL5030-XXX,https://wmsc.lcsc.com/wmsc/upload/file/pdf/v2/lcsc/2311161804_Coilcraft-XAL5030-332MEC_C5342047.pdf,https://www.lcsc.com/product-detail/power-inductors_coilcraft-xal5030-332mec_C5342047.html,"Inductor 3.3uH 20% 8.1A XAL5030 XAL Family Molded Power Inductors, Coilcraft XAL5030-332MEC (Pre-Flight, LCSC Extended)",inductor 3.3uH XAL5030 coilcraft coilcraft xal pre-flight power,514,4.5646
L 4.7uH XAL5030 20% Coilcraft,4.7uH,C7432409,Extended,XAL5030-472MEC,Coilcraft,Coilcraft XAL,XAL5030,20%,,,,5.9A,6.7A,36mΩ,,E24,Pre-Flight,Power,Device:L,Inductor_SMD:L_Coilcraft_XAL5030-XXX,https://wmsc.lcsc.com/wmsc/upload/file/pdf/v2/lcsc/2311161804_Coilcraft-XAL5030-472MEC_C7432409.pdf,https://www.lcsc.com/product-detail/power-inductors_coilcraft-xal5030-472mec_C7432409.html,"Inductor 4.7uH 20% 5.9A XAL5030 XAL Family Molded Power Inductors, Coilcraft XAL5030-472MEC (Pre-Flight, LCSC Extended)",inductor 4.7uH XAL5030 coilcraft coilcraft xal pre-flight power,2024,4.5337
L 5.6uH XAL5050 20% Coilcraft,5.6uH,C7305309,Extended,XAL5050-562MEC,Coilcraft,Coilcraft XAL,XAL5050,20%,,,,7.2A,6.3A,23.45mΩ,,E24,Pre-Flight,Power,Device:L,Inductor_SMD:L_Coilcraft_XAL5050-XXX,https://wmsc.lcsc.com/wmsc/upload/file/pdf/v2/lcsc/2311161804_Coilcraft-XAL5050-562MEC_C7305309.pdf,https://www.lcsc.com/product-detail/power-inductors_coilcraft-xal5050-562mec_C7305309.html,"Inductor 5.6uH 20% 7.2A XAL5050 XAL Family Molded Power Inductors, Coilcraft XAL5050-562MEC (Pre-Flight, LCSC Extended)",inductor 5.6uH XAL5050 coilcraft coilcraft xal pre-flight power,238,6.8761
L 8.2uH XAL5050 20% Coilcraft,8.2uH,C5309356,Extended,XAL5050-822MEC,Coilcraft,Coilcraft XAL,XAL5050,20%,,,,6.1A,5.6A,31.75mΩ,,E24,Pre-Flight,Power,Device:L,Inductor_SMD:L_Coilcraft_XAL5050-XXX,https://wmsc.lcsc.com/wmsc/upload/file/pdf/v2/lcsc/2310271439_Coilcraft-XAL5050-822MEC_C5309356.pdf,https://www.lcsc.com/product-detail/power-inductors_coilcraft-xal5050-822mec_C5309356.html,"Inductor 8.2uH 20% 6.1A XAL5050 XAL Family Molded Power Inductors, Coilcraft XAL5050-822MEC (Pre-Flight, LCSC Extended)",inductor 8.2uH XAL5050 coilcraft coilcraft xal pre-flight power,550,4.6996
L 10uH XAL5050 20% Coilcraft,10uH,C5441578,Extended,XAL5050-103MEC,Coilcraft,Coilcraft XAL,XAL5050,20%,,,,4.9A,4.9A,40.9mΩ,,E24,Pre-Flight,Power,Device:L,Inductor_SMD:L_Coilcraft_XAL5050-XXX,https://wmsc.lcsc.com/wmsc/upload/file/pdf/v2/lcsc/2311161804_Coilcraft-XAL5050-103MEC_C5441578.pdf,https://www.lcsc.com/product-detail/power-inductors_coilcraft-xal5050-103mec_C5441578.html,"Inductor 10uH 20% 4.9A XAL5050 XAL Family Molded Power Inductors, Coilcraft XAL5050-103MEC (Pre-Flight, LCSC Extended)",inductor 10uH XAL5050 coilcraft coilcraft xal pre-flight power,775,9.7684
L 15uH XAL5050 20% Coilcraft,15uH,C5291298,Extended,XAL5050-153MEC,Coilcraft,Coilcraft XAL,XAL5050,20%,,,,3.9A,3.7A,69.7mΩ,,E24,Pre-Flight,Power,Device:L,Inductor_SMD:L_Coilcraft_XAL5050-XXX,https://wmsc.lcsc.com/wmsc/upload/file/pdf/v2/lcsc/2311161804_Coilcraft-XAL5050-153MEC_C5291298.pdf,https://www.lcsc.com/product-detail/power-inductors_coilcraft-xal5050-153mec_C5291298.html,"Inductor 15uH 20% 3.9A XAL5050 XAL Family Molded Power Inductors, Coilcraft XAL5050-153MEC (Pre-Flight, LCSC Extended)",inductor 15uH XAL5050 coilcraft coilcraft xal pre-flight power,475,2.4612
L 22uH XAL5050 20% Coilcraft,22uH,C5148443,Extended,XAL5050-223MEC,Coilcraft,Coilcraft XAL,XAL5050,20%,,,,3.4A,3.6A,90.6mΩ,,E24,Pre-Flight,Power,Device:L,Inductor_SMD:L_Coilcraft_XAL5050-XXX,https://wmsc.lcsc.com/wmsc/upload/file/pdf/v2/lcsc/2311161803_Coilcraft-XAL5050-223MEC_C5148443.pdf,https://www.lcsc.com/product-detail/power-inductors_coilcraft-xal5050-223mec_C5148443.html,"Inductor 22uH 20% 3.4A XAL5050 XAL Family Molded Power Inductors, Coilcraft XAL5050-223MEC (Pre-Flight, LCSC Extended)",inductor 22uH XAL5050 coilcraft coilcraft xal pre-flight power,4913,5.6528
L 160nH XAL6020 20% Coilcraft,160nH,C47148134,Extended,XAL6020-161MEC,Coilcraft,Coilcraft XAL,XAL6020,20%,,,,20A,41A,2.35mΩ,,E24,Pre-Flight,Power,Device:L,Inductor_SMD:L_Coilcraft_XAL6020-XXX,https://www.coilcraft.com/en-us/products/power/shielded-inductors/molded-inductor/xal/,https://www.lcsc.com/product-detail/C47148134.html,"Inductor 160nH 20% 20A XAL6020 XAL Family Molded Power Inductors, Coilcraft XAL6020-161MEC (Pre-Flight, LCSC Extended)",inductor 160nH XAL6020 coilcraft coilcraft xal pre-flight power,69,0.9696
L 560nH XAL6030 20% Coilcraft,560nH,C19191632,Extended,XAL6030-561MEC,Coilcraft,Coilcraft XAL,XAL6030,20%,,,,17A,29A,3.01mΩ,,E24,Pre-Flight,Power,Device:L,Inductor_SMD:L_Coilcraft_XAL6030-XXX,https://www.coilcraft.com/en-us/products/power/shielded-inductors/molded-inductor/xal/,https://www.lcsc.com/product-detail/power-inductors_coilcraft-xal6030-561mec_C19191632.html,"Inductor 560nH 20% 17A XAL6030 XAL Family Molded Power Inductors, Coilcraft XAL6030-561MEC (Pre-Flight, LCSC Extended)",inductor 560nH XAL6030 coilcraft coilcraft xal pre-flight power,5,2.4173
L 1.2uH XAL6030 20% Coilcraft,1.2uH,C19191689,Extended,XAL6030-122MEC,Coilcraft,Coilcraft XAL,XAL6030,20%,,,,12A,22A,6.82mΩ,,E24,Pre-Flight,Power,Device:L,Inductor_SMD:L_Coilcraft_XAL6030-XXX,https://wmsc.lcsc.com/wmsc/upload/file/pdf/v2/lcsc/2403231455_Coilcraft-XAL6030-122MEC_C19191689.pdf,https://www.lcsc.com/product-detail/power-inductors_coilcraft-xal6030-122mec_C19191689.html,"Inductor 1.2uH 20% 12A XAL6030 XAL Family Molded Power Inductors, Coilcraft XAL6030-122MEC (Pre-Flight, LCSC Extended)",inductor 1.2uH XAL6030 coilcraft coilcraft xal pre-flight power,911,1.7032
L 1.8uH XAL6030 20% Coilcraft,1.8uH,C19191693,Extended,XAL6030-182MEC,Coilcraft,Coilcraft XAL,XAL6030,20%,,,,10A,18.2A,9.57mΩ,,E24,Pre-Flight,Power,Device:L,Inductor_SMD:L_Coilcraft_XAL6030-XXX,https://wmsc.lcsc.com/wmsc/upload/file/pdf/v2/lcsc/2403231455_Coilcraft-XAL6030-182MEC_C19191693.pdf,https://www.lcsc.com/product-detail/power-inductors_coilcraft-xal6030-182mec_C19191693.html,"Inductor 1.8uH 20% 10A XAL6030 XAL Family Molded Power Inductors, Coilcraft XAL6030-182MEC (Pre-Flight, LCSC Extended)",inductor 1.8uH XAL6030 coilcraft coilcraft xal pre-flight power,385,5.8757
L 2.2uH XAL6030 20% Coilcraft,2.2uH,C5440776,Extended,XAL6030-222MEC,Coilcraft,Coilcraft XAL,XAL6030,20%,,,,7A,15.9A,12.7mΩ,,E24,Pre-Flight,Power,Device:L,Inductor_SMD:L_Coilcraft_XAL6030-XXX,https://wmsc.lcsc.com/wmsc/upload/file/pdf/v2/lcsc/2311161804_Coilcraft-XAL6030-222MEC_C5440776.pdf,https://www.lcsc.com/product-detail/power-inductors_coilcraft-xal6030-222mec_C5440776.html,"Inductor 2.2uH 20% 7A XAL6030 XAL Family Molded Power Inductors, Coilcraft XAL6030-222MEC (Pre-Flight, LCSC Extended)",inductor 2.2uH XAL6030 coilcraft coilcraft xal pre-flight power,260,3.473
L 4.7uH XAL6060 20% Coilcraft,4.7uH,C7421717,Extended,XAL6060-472MEC,Coilcraft,Coilcraft XAL,XAL6060,20%,,,,8A,10.5A,13.1mΩ,,E24,Pre-Flight,Power,Device:L,Inductor_SMD:L_Coilcraft_XAL6060-XXX,https://wmsc.lcsc.com/wmsc/upload/file/pdf/v2/lcsc/2311161804_Coilcraft-XAL6060-472MEC_C7421717.pdf,https://www.lcsc.com/product-detail/power-inductors_coilcraft-xal6060-472mec_C7421717.html,"Inductor 4.7uH 20% 8A XAL6060 XAL Family Molded Power Inductors, Coilcraft XAL6060-472MEC (Pre-Flight, LCSC Extended)",inductor 4.7uH XAL6060 coilcraft coilcraft xal pre-flight power,114,12.7631
L 5.6uH XAL6060 20% Coilcraft,5.6uH,C7419740,Extended,XAL6060-562MEC,Coilcraft,Coilcraft XAL,XAL6060,20%,,,,7.5A,9.9A,14.46mΩ,,E24,Pre-Flight,Power,Device:L,Inductor_SMD:L_Coilcraft_XAL6060-XXX,https://wmsc.lcsc.com/wmsc/upload/file/pdf/v2/lcsc/2311161804_Coilcraft-XAL6060-562MEC_C7419740.pdf,https://www.lcsc.com/product-detail/power-inductors_coilcraft-xal6060-562mec_C7419740.html,"Inductor 5.6uH 20% 7.5A XAL6060 XAL Family Molded Power Inductors, Coilcraft XAL6060-562MEC (Pre-Flight, LCSC Extended)",inductor 5.6uH XAL6060 coilcraft coilcraft xal pre-flight power,944,10.6305
L 6.8uH XAL6060 20% Coilcraft,6.8uH,C5355913,Extended,XAL6060-682MEC,Coilcraft,Coilcraft XAL,XAL6060,20%,,,,7A,9.2A,18.9mΩ,,E24,Pre-Flight,Power,Device:L,Inductor_SMD:L_Coilcraft_XAL6060-XXX,https://www.coilcraft.com/en-us/products/power/shielded-inductors/molded-inductor/xal/,https://www.lcsc.com/product-detail/power-inductors_coilcraft-xal6060-682mec_C5355913.html,"Inductor 6.8uH 20% 7A XAL6060 XAL Family Molded Power Inductors, Coilcraft XAL6060-682MEC (Pre-Flight, LCSC Extended)",inductor 6.8uH XAL6060 coilcraft coilcraft xal pre-flight power,430,13.3194
L 8.2uH XAL6060 20% Coilcraft,8.2uH,C19191627,Extended,XAL6060-822MEC,Coilcraft,Coilcraft XAL,XAL6060,20%,,,,6A,8.4A,24mΩ,,E24,Pre-Flight,Power,Device:L,Inductor_SMD:L_Coilcraft_XAL6060-XXX,https://wmsc.lcsc.com/wmsc/upload/file/pdf/v2/lcsc/2403231520_Coilcraft-XAL6060-822MEC_C19191627.pdf,https://www.lcsc.com/product-detail/power-inductors_coilcraft-xal6060-822mec_C19191627.html,"Inductor 8.2uH 20% 6A XAL6060 XAL Family Molded Power Inductors, Coilcraft XAL6060-822MEC (Pre-Flight, LCSC Extended)",inductor 8.2uH XAL6060 coilcraft coilcraft xal pre-flight power,228,12.2182
L 10uH XAL6060 20% Coilcraft,10uH,C5329540,Extended,XAL6060-103MEC,Coilcraft,Coilcraft XAL,XAL6060,20%,,,,5A,7.6A,27mΩ,,E24,Pre-Flight,Power,Device:L,Inductor_SMD:L_Coilcraft_XAL6060-XXX,https://wmsc.lcsc.com/wmsc/upload/file/pdf/v2/lcsc/2304031200_Coilcraft-XAL6060-103MEC_C5329540.pdf,https://www.lcsc.com/product-detail/power-inductors_coilcraft-xal6060-103mec_C5329540.html,"Inductor 10uH 20% 5A XAL6060 XAL Family Molded Power Inductors, Coilcraft XAL6060-103MEC (Pre-Flight, LCSC Extended)",inductor 10uH XAL6060 coilcraft coilcraft xal pre-flight power,818,15.0828
L 15uH XAL6060 20% Coilcraft,15uH,C19191628,Extended,XAL6060-153MEC,Coilcraft,Coilcraft XAL,XAL6060,20%,,,,4.5A,5.8A,39.77mΩ,,E24,Pre-Flight,Power,Device:L,Inductor_SMD:L_Coilcraft_XAL6060-XXX,https://wmsc.lcsc.com/wmsc/upload/file/pdf/v2/lcsc/2403231455_Coilcraft-XAL6060-153MEC_C19191628.pdf,https://www.lcsc.com/product-detail/power-inductors_coilcraft-xal6060-153mec_C19191628.html,"Inductor 15uH 20% 4.5A XAL6060 XAL Family Molded Power Inductors, Coilcraft XAL6060-153MEC (Pre-Flight, LCSC Extended)",inductor 15uH XAL6060 coilcraft coilcraft xal pre-flight power,285,4.5987
L 22uH XAL6060 20% Coilcraft,22uH,C5366013,Extended,XAL6060-223MEC,Coilcraft,Coilcraft XAL,XAL6060,20%,,,,3.6A,5.9A,55.12mΩ,,E24,Pre-Flight,Power,Device:L,Inductor_SMD:L_Coilcraft_XAL6060-XXX,https://wmsc.lcsc.com/wmsc/upload/file/pdf/v2/lcsc/2311161804_Coilcraft-XAL6060-223MEC_C5366013.pdf,https://www.lcsc.com/product-detail/power-inductors_coilcraft-xal6060-223mec_C5366013.html,"Inductor 22uH 20% 3.6A XAL6060 XAL Family Molded Power Inductors, Coilcraft XAL6060-223MEC (Pre-Flight, LCSC Extended)",inductor 22uH XAL6060 coilcraft coilcraft xal pre-flight power,292,9.1014
L 680nH XAL7020 20% Coilcraft,680nH,C20623529,Extended,XAL7020-681MEC,Coilcraft,Coilcraft XAL,XAL7020,20%,,,,13A,22.3A,7.9mΩ,,E24,Pre-Flight,Power,Device:L,Inductor_SMD:L_Coilcraft_XAL7020-681,https://wmsc.lcsc.com/wmsc/upload/file/pdf/v2/lcsc/2402231753_Coilcraft-XAL7020-681MEC_C20623529.pdf,https://www.lcsc.com/product-detail/power-inductors_coilcraft-xal7020-681mec_C20623529.html,"Inductor 680nH 20% 13A XAL7020 XAL Family Molded Power Inductors, Coilcraft XAL7020-681MEC (Pre-Flight, LCSC Extended)",inductor 680nH XAL7020 coilcraft coilcraft xal pre-flight power,3,2.3815
L 1.5uH XAL7020 20% Coilcraft,1.5uH,C5353440,Extended,XAL7020-152MEC,Coilcraft,Coilcraft XAL,XAL7020,20%,,,,9A,15A,17.6mΩ,,E24,Pre-Flight,Power,Device:L,Inductor_SMD:L_Coilcraft_XAL7020-152,https://wmsc.lcsc.com/wmsc/upload/file/pdf/v2/lcsc/2406280950_Coilcraft-XAL7020-152MEC_C5353440.pdf,https://www.lcsc.com/product-detail/power-inductors_coilcraft-xal7020-152mec_C5353440.html,"Inductor 1.5uH 20% 9A XAL7020 XAL Family Molded Power Inductors, Coilcraft XAL7020-152MEC (Pre-Flight, LCSC Extended)",inductor 1.5uH XAL7020 coilcraft coilcraft xal pre-flight power,10,1.8415
L 300nH XAL7030 20% Coilcraft,300nH,C22422472,Extended,XAL7030-301MEC,Coilcraft,Coilcraft XAL,XAL7030,20%,,,,21A,41A,1.75mΩ,,E24,Pre-Flight,Power,Device:L,Inductor_SMD:L_Coilcraft_XAL7030-301,https://www.coilcraft.com/en-us/products/power/shielded-inductors/molded-inductor/xal/,https://www.lcsc.com/product-detail/C22422472.html,"Inductor 300nH 20% 21A XAL7030 XAL Family Molded Power Inductors, Coilcraft XAL7030-301MEC (Pre-Flight, LCSC Extended)",inductor 300nH XAL7030 coilcraft coilcraft xal pre-flight power,22,2.0416
L 600nH XAL7030 20% Coilcraft,600nH,C39886729,Extended,XAL7030-601MEC,Coilcraft,Coilcraft XAL,XAL7030,20%,,,,18A,36A,3mΩ,,OTHER,Pre-Flight,Power,Device:L,Inductor_SMD:L_Coilcraft_XAL7030-601,https://www.coilcraft.com/en-us/products/power/shielded-inductors/molded-inductor/xal/,https://www.lcsc.com/product-detail/C39886729.html,"Inductor 600nH 20% 18A XAL7030 XAL Family Molded Power Inductors, Coilcraft XAL7030-601MEC (Pre-Flight, LCSC Extended)",inductor 600nH XAL7030 coilcraft coilcraft xal pre-flight power,1,1.5666
L 1uH XAL7030 20% Coilcraft,1uH,C19191626,Extended,XAL7030-102MEC,Coilcraft,Coilcraft XAL,XAL7030,20%,,,,21.8A,28A,4.55mΩ,,E24,Pre-Flight,Power,Device:L,Inductor_SMD:L_Coilcraft_XAL7030-102,https://wmsc.lcsc.com/wmsc/upload/file/pdf/v2/lcsc/2311101856_Coilcraft-XAL7030-102MEC_C19191626.pdf,https://www.lcsc.com/product-detail/power-inductors_coilcraft-xal7030-102mec_C19191626.html,"Inductor 1uH 20% 21.8A XAL7030 XAL Family Molded Power Inductors, Coilcraft XAL7030-102MEC (Pre-Flight, LCSC Extended)",inductor 1uH XAL7030 coilcraft coilcraft xal pre-flight power,392,4.9143
L 1.5uH XAL7030 20% Coilcraft,1.5uH,C5352784,Extended,XAL7030-152MEC,Coilcraft,Coilcraft XAL,XAL7030,20%,,,,15A,23.5A,7.6mΩ,,E24,Pre-Flight,Power,Device:L,Inductor_SMD:L_Coilcraft_XAL7030-152,https://wmsc.lcsc.com/wmsc/upload/file/pdf/v2/lcsc/2311161804_Coilcraft-XAL7030-152MEC_C5352784.pdf,https://www.lcsc.com/product-detail/power-inductors_coilcraft-xal7030-152mec_C5352784.html,"Inductor 1.5uH 20% 15A XAL7030 XAL Family Molded Power Inductors, Coilcraft XAL7030-152MEC (Pre-Flight, LCSC Extended)",inductor 1.5uH XAL7030 coilcraft coilcraft xal pre-flight power,110,1.7178
L 2.2uH XAL7030 20% Coilcraft,2.2uH,C19191686,Extended,XAL7030-222MEC,Coilcraft,Coilcraft XAL,XAL7030,20%,,,,12.9A,18A,13.7mΩ,,E24,Pre-Flight,Power,Device:L,Inductor_SMD:L_Coilcraft_XAL7030-222,https://wmsc.lcsc.com/wmsc/upload/file/pdf/v2/lcsc/2403231715_Coilcraft-XAL7030-222MEC_C19191686.pdf,https://www.lcsc.com/product-detail/power-inductors_coilcraft-xal7030-222mec_C19191686.html,"Inductor 2.2uH 20% 12.9A XAL7030 XAL Family Molded Power Inductors, Coilcraft XAL7030-222MEC (Pre-Flight, LCSC Extended)",inductor 2.2uH XAL7030 coilcraft coilcraft xal pre-flight power,334,6.7427
L 3.3uH XAL7030 20% Coilcraft,3.3uH,C5448588,Extended,XAL7030-332MEC,Coilcraft,Coilcraft XAL,XAL7030,20%,,,,10A,12.3A,19.5mΩ,,E24,Pre-Flight,Power,Device:L,Inductor_SMD:L_Coilcraft_XAL7030-332,https://wmsc.lcsc.com/wmsc/upload/file/pdf/v2/lcsc/2311161804_Coilcraft-XAL7030-332MEC_C5448588.pdf,https://www.lcsc.com/product-detail/power-inductors_coilcraft-xal7030-332mec_C5448588.html,"Inductor 3.3uH 20% 10A XAL7030 XAL Family Molded Power Inductors, Coilcraft XAL7030-332MEC (Pre-Flight, LCSC Extended)",inductor 3.3uH XAL7030 coilcraft coilcraft xal pre-flight power,203,7.5642
L 4.7uH XAL7030 20% Coilcraft,4.7uH,C19191671,Extended,XAL7030-472MEC,Coilcraft,Coilcraft XAL,XAL7030,20%,,,,9A,10.1A,26.1mΩ,,E24,Pre-Flight,Power,Device:L,Inductor_SMD:L_Coilcraft_XAL7030-472,https://wmsc.lcsc.com/wmsc/upload/file/pdf/v2/lcsc/2403231715_Coilcraft-XAL7030-472MEC_C19191671.pdf,https://www.lcsc.com/product-detail/power-inductors_coilcraft-xal7030-472mec_C19191671.html,"Inductor 4.7uH 20% 9A XAL7030 XAL Family Molded Power Inductors, Coilcraft XAL7030-472MEC (Pre-Flight, LCSC Extended)",inductor 4.7uH XAL7030 coilcraft coilcraft xal pre-flight power,1793,3.7903
L 10uH XAL7030 20% Coilcraft,10uH,C19191652,Extended,XAL7030-103MEC,Coilcraft,Coilcraft XAL,XAL7030,20%,,,,5.3A,7.7A,60.4mΩ,,E24,Pre-Flight,Power,Device:L,Inductor_SMD:L_Coilcraft_XAL7030-103,https://www.coilcraft.com/en-us/products/power/shielded-inductors/molded-inductor/xal/,https://www.lcsc.com/product-detail/power-inductors_coilcraft-xal7030-103mec_C19191652.html,"Inductor 10uH 20% 5.3A XAL7030 XAL Family Molded Power Inductors, Coilcraft XAL7030-103MEC (Pre-Flight, LCSC Extended)",inductor 10uH XAL7030 coilcraft coilcraft xal pre-flight power,326,7.0713
L 300nH XAL7070 20% Coilcraft,300nH,C3911487,Extended,XAL7070-301MEC,Coilcraft,Coilcraft XAL,XAL7070,20%,,,,33.4A,55.6A,1.17mΩ,,E24,Pre-Flight,Power,Device:L,Inductor_SMD:L_Coilcraft_XAL7070-XXX,https://wmsc.lcsc.com/wmsc/upload/file/pdf/v2/lcsc/2404081009_Coilcraft-XAL7070-301MEC_C3911487.pdf,https://www.lcsc.com/product-detail/power-inductors_coilcraft-xal7070-301mec_C3911487.html,"Inductor 300nH 20% 33.4A XAL7070 XAL Family Molded Power Inductors, Coilcraft XAL7070-301MEC (Pre-Flight, LCSC Extended)",inductor 300nH XAL7070 coilcraft coilcraft xal pre-flight power,4,3.543
L 1uH XAL7070 20% Coilcraft,1uH,C6609502,Extended,XAL7070-102MEC,Coilcraft,Coilcraft XAL,XAL7070,20%,,,,25A,34.8A,2.81mΩ,,E24,Pre-Flight,Power,Device:L,Inductor_SMD:L_Coilcraft_XAL7070-XXX,https://wmsc.lcsc.com/wmsc/upload/file/pdf/v2/lcsc/2404191551_Coilcraft-XAL7070-102MEC_C6609502.pdf,https://www.lcsc.com/product-detail/power-inductors_coilcraft-xal7070-102mec_C6609502.html,"Inductor 1uH 20% 25A XAL7070 XAL Family Molded Power Inductors, Coilcraft XAL7070-102MEC (Pre-Flight, LCSC Extended)",inductor 1uH XAL7070 coilcraft coilcraft xal pre-flight power,183,22.25
L 1.2uH XAL7070 20% Coilcraft,1.2uH,C3911737,Extended,XAL7070-122MEC,Coilcraft,Coilcraft XAL,XAL7070,20%,,,,21.6A,31.2A,3.41mΩ,,E24,Pre-Flight,Power,Device:L,Inductor_SMD:L_Coilcraft_XAL7070-XXX,https://wmsc.lcsc.com/wmsc/upload/file/pdf/v2/lcsc/2404081011_Coilcraft-XAL7070-122MEC_C3911737.pdf,https://www.lcsc.com/product-detail/power-inductors_coilcraft-xal7070-122mec_C3911737.html,"Inductor 1.2uH 20% 21.6A XAL7070 XAL Family Molded Power Inductors, Coilcraft XAL7070-122MEC (Pre-Flight, LCSC Extended)",inductor 1.2uH XAL7070 coilcraft coilcraft xal pre-flight power,29,3.5999
L 1.8uH XAL7070 20% Coilcraft,1.8uH,C3911679,Extended,XAL7070-182MEC,Coilcraft,Coilcraft XAL,XAL7070,20%,,,,21A,25A,4.46mΩ,,E24,Pre-Flight,Power,Device:L,Inductor_SMD:L_Coilcraft_XAL7070-XXX,https://www.coilcraft.com/en-us/products/power/shielded-inductors/molded-inductor/xal/,https://www.lcsc.com/product-detail/C3911679.html,"Inductor 1.8uH 20% 21A XAL7070 XAL Family Molded Power Inductors, Coilcraft XAL7070-182MEC (Pre-Flight, LCSC Extended)",inductor 1.8uH XAL7070 coilcraft coilcraft xal pre-flight power,198,6.663
L 2.2uH XAL7070 20% Coilcraft,2.2uH,C3911470,Extended,XAL7070-222MEC,Coilcraft,Coilcraft XAL,XAL7070,20%,,,,17.8A,19.6A,6.33mΩ,,E24,Pre-Flight,Power,Device:L,Inductor_SMD:L_Coilcraft_XAL7070-XXX,https://wmsc.lcsc.com/wmsc/upload/file/pdf/v2/lcsc/2404081009_Coilcraft-XAL7070-222MEC_C3911470.pdf,https://www.lcsc.com/product-detail/power-inductors_coilcraft-xal7070-222mec_C3911470.html,"Inductor 2.2uH 20% 17.8A XAL7070 XAL Family Molded Power Inductors, Coilcraft XAL7070-222MEC (Pre-Flight, LCSC Extended)",inductor 2.2uH XAL7070 coilcraft coilcraft xal pre-flight power,113,7.6813
L 3.3uH XAL7070 20% Coilcraft,3.3uH,C3911435,Extended,XAL7070-332MEC,Coilcraft,Coilcraft XAL,XAL7070,20%,,,,15.1A,19.4A,9.42mΩ,,E24,Pre-Flight,Power,Device:L,Inductor_SMD:L_Coilcraft_XAL7070-XXX,https://wmsc.lcsc.com/wmsc/upload/file/pdf/v2/lcsc/2404081008_Coilcraft-XAL7070-332MEC_C3911435.pdf,https://www.lcsc.com/product-detail/power-inductors_coilcraft-xal7070-332mec_C3911435.html,"Inductor 3.3uH 20% 15.1A XAL7070 XAL Family Molded Power Inductors, Coilcraft XAL7070-332MEC (Pre-Flight, LCSC Extended)",inductor 3.3uH XAL7070 coilcraft coilcraft xal pre-flight power,185,7.9286
L 4.7uH XAL7070 20% Coilcraft,4.7uH,C3911513,Extended,XAL7070-472MEC,Coilcraft,Coilcraft XAL,XAL7070,20%,,,,13.6A,15.2A,14.26mΩ,,E24,Pre-Flight,Power,Device:L,Inductor_SMD:L_Coilcraft_XAL7070-XXX,https://wmsc.lcsc.com/wmsc/upload/file/pdf/v2/lcsc/2404081009_Coilcraft-XAL7070-472MEC_C3911513.pdf,https://www.lcsc.com/product-detail/power-inductors_coilcraft-xal7070-472mec_C3911513.html,"Inductor 4.7uH 20% 13.6A XAL7070 XAL Family Molded Power Inductors, Coilcraft XAL7070-472MEC (Pre-Flight, LCSC Extended)",inductor 4.7uH XAL7070 coilcraft coilcraft xal pre-flight power,395,10.3231
L 6.8uH XAL7070 20% Coilcraft,6.8uH,C3911753,Extended,XAL7070-682MEC,Coilcraft,Coilcraft XAL,XAL7070,20%,,,,9.2A,12.8A,19.62mΩ,,E24,Pre-Flight,Power,Device:L,Inductor_SMD:L_Coilcraft_XAL7070-XXX,https://wmsc.lcsc.com/wmsc/upload/file/pdf/v2/lcsc/2404081011_Coilcraft-XAL7070-682MEC_C3911753.pdf,https://www.lcsc.com/product-detail/power-inductors_coilcraft-xal7070-682mec_C3911753.html,"Inductor 6.8uH 20% 9.2A XAL7070 XAL Family Molded Power Inductors, Coilcraft XAL7070-682MEC (Pre-Flight, LCSC Extended)",inductor 6.8uH XAL7070 coilcraft coilcraft xal pre-flight power,55,5.2705
L 2.2uH XAL8080 20% Coilcraft,2.2uH,C20417081,Extended,XAL8080-222MED,Coilcraft,Coilcraft XAL,XAL8080,20%,,,,21.5A,24A,4.08mΩ,,E24,Pre-Flight,Power,Device:L,Inductor_SMD:L_Coilcraft_XAL8080-XXX,https://wmsc.lcsc.com/wmsc/upload/file/pdf/v2/lcsc/2404100510_Coilcraft-XAL8080-222MED_C20417081.pdf,https://www.lcsc.com/product-detail/power-inductors_coilcraft-xal8080-222med_C20417081.html,"Inductor 2.2uH 20% 21.5A XAL8080 XAL Family Molded Power Inductors, Coilcraft XAL8080-222MED (Pre-Flight, LCSC Extended)",inductor 2.2uH XAL8080 coilcraft coilcraft xal pre-flight power,77,16.4947
L 4.7uH XAL8080 20% Coilcraft,4.7uH,C7432408,Extended,XAL8080-472MED,Coilcraft,Coilcraft XAL,XAL8080,20%,,,,14.6A,17.4A,8.89mΩ,,E24,Pre-Flight,Power,Device:L,Inductor_SMD:L_Coilcraft_XAL8080-XXX,https://wmsc.lcsc.com/wmsc/upload/file/pdf/v2/lcsc/2401191746_Coilcraft-XAL8080-472MED_C7432408.pdf,https://www.lcsc.com/product-detail/power-inductors_coilcraft-xal8080-472med_C7432408.html,"Inductor 4.7uH 20% 14.6A XAL8080 XAL Family Molded Power Inductors, Coilcraft XAL8080-472MED (Pre-Flight, LCSC Extended)",inductor 4.7uH XAL8080 coilcraft coilcraft xal pre-flight power,691,8.1644
L 6.8uH XAL8080 20% Coilcraft,6.8uH,C7495106,Extended,XAL8080-682MED,Coilcraft,Coilcraft XAL,XAL8080,20%,,,,11.3A,14A,13.2mΩ,,E24,Pre-Flight,Power,Device:L,Inductor_SMD:L_Coilcraft_XAL8080-XXX,https://wmsc.lcsc.com/wmsc/upload/file/pdf/v2/lcsc/2406280949_Coilcraft-XAL8080-682MED_C7495106.pdf,https://www.lcsc.com/product-detail/power-inductors_coilcraft-xal8080-682med_C7495106.html,"Inductor 6.8uH 20% 11.3A XAL8080 XAL Family Molded Power Inductors, Coilcraft XAL8080-682MED (Pre-Flight, LCSC Extended)",inductor 6.8uH XAL8080 coilcraft coilcraft xal pre-flight power,5,5.8838
L 10uH XAL8080 20% Coilcraft,10uH,C20417064,Extended,XAL8080-103MED,Coilcraft,Coilcraft XAL,XAL8080,20%,,,,8.7A,10.9A,21mΩ,,E24,Pre-Flight,Power,Device:L,Inductor_SMD:L_Coilcraft_XAL8080-XXX,https://wmsc.lcsc.com/wmsc/upload/file/pdf/v2/lcsc/2401121834_Coilcraft-XAL8080-103MED_C20417064.pdf,https://www.lcsc.com/product-detail/power-inductors_coilcraft-xal8080-103med_C20417064.html,"Inductor 10uH 20% 8.7A XAL8080 XAL Family Molded Power Inductors, Coilcraft XAL8080-103MED (Pre-Flight, LCSC Extended)",inductor 10uH XAL8080 coilcraft coilcraft xal pre-flight power,1,10.3279
L 22uH XAL8080 20% Coilcraft,22uH,C40897141,Extended,XAL8080-223MED,Coilcraft,Coilcraft XAL,XAL8080,20%,,,,5.6A,6.4A,29.6mΩ,,E24,Pre-Flight,Power,Device:L,Inductor_SMD:L_Coilcraft_XAL8080-XXX,https://www.coilcraft.com/en-us/products/power/shielded-inductors/molded-inductor/xal/,https://www.lcsc.com/product-detail/C40897141.html,"Inductor 22uH 20% 5.6A XAL8080 XAL Family Molded Power Inductors, Coilcraft XAL8080-223MED (Pre-Flight, LCSC Extended)",inductor 22uH XAL8080 coilcraft coilcraft xal pre-flight power,30,12.4687
